id,name,category,price,color,description,image_url,sizes
1,Alere Top in Silk,Top,700.0,Ivory,"Halter top in heavyweight silk satin, defined by a softly draped v-neckline, low open back, and fringe trim detailing. Finished front pockets, horn buttons, and a self-tie back closure.",https://cdn.shopify.com/s/files/1/0667/6142/5143/files/freepik__img1-make-the-fringes-slightly-more-white-less-ivo__32339.jpg?v=1773329600,"XS,S,M,L"
2,Lumen Jacket in Viscose,Outerwear,1500.0,Black,"Relaxed mid-length jacket with a straight silhouette, pointed collar, and dropped shoulders. Designed with oversized patch pockets and a low-slung buckle belt that sits at the hips. Cut in midweight crepe-back viscose satin with a smooth face and cool hand, and finished with horn buttons and cuffed sleeves",https://cdn.shopify.com/s/files/1/0667/6142/5143/files/LUMEN_JACKET_BLACK-0024_3.jpg?v=1773247371,"XS,S,M,L"
3,Sabine Dress in Silk,Dress,890.0,Ivory,"Mini halter dress with a softly pleated neckline, elongated open back, and sweeping asymmetrical hem. Cut in smooth and crisp mid-weight silk twill that lends subtle sculptural structure to the fluid shape.",https://cdn.shopify.com/s/files/1/0667/6142/5143/files/SABINE_TUNIC-0038_5.jpg?v=1773245260,"XS,S,M,L"
4,Nivara Dress in Mesh,Dress,1400.0,Paillettes,"Sheer sequin dress with a straight, body-skimming silhouette, low open back, and clean neckline. Cut in lightweight mesh and finished with hand-sewn multicolor paillettes throughout.",https://cdn.shopify.com/s/files/1/0667/6142/5143/files/NIVARA_DRESS-0087_1_5d5ada23-c967-4523-9e0c-c0564693cc7e.jpg?v=1773245943,"XS,S,M,L"
5,Alune Dress in Wool Silk,Dress,1390.0,Fire,"A floor length dress with a strapless, straight neckline, fitted bodice, and sculpted hips to create a refined hourglass silhouette. Made in a smooth and dry Italian wool & silk shantung with a lustrous, subtly textured finish.",https://cdn.shopify.com/s/files/1/0667/6142/5143/files/ALUNE_DRESS_IN_RED-0081_2.jpg?v=1773246809,"0,2,4,6,8,10"
6,Bastion Jacket in Silk Viscose,Outerwear,990.0,Ivory,"Cropped jacket with a clean crew neckline, sharp structured shoulders, and straight, wrist-length sleeves. Cut in silk canvas with a naturally textured, lustrous finish, and completed with a concealed button closure.",https://cdn.shopify.com/s/files/1/0667/6142/5143/files/BASTION_JACKET-0029_1_37b34edc-3992-4268-8757-a557566b47d4.jpg?v=1773244293,"XS,S,M,L"
7,Mira Jacket in Wool Silk,Outerwear,1300.0,Canard,"Tailored jacket with softly structured shoulders, a sharp collar, and a clean concealed front placket. Cut in subtly textured and lustrous french wool silk and cinched as the waist with a self-tie belt.",https://cdn.shopify.com/s/files/1/0667/6142/5143/files/26-2059-ALF_MIRA_JACKET_IN_SILK_BLUE_0009_1.jpg?v=1773244915,"XS,S,M,L"
8,Tavi Pant in Wool,Pant,670.0,Bright Navy,"This is a low-rise pant with a wide leg and clean, elongated line. Crafted in fine Italian wool twill for a soft hand and subtle texture, it is finished with surf-inspired double needle contrast top stitching at the waistband and front seams, and a classic cord tie closure.",https://cdn.shopify.com/s/files/1/0667/6142/5143/files/TAVI_PANT_NAVY-_0101.jpg?v=1773247008,"0,2,4,6,8,10"
9,Xorina Skirt in Mesh,Skirt,1100.0,Butter,"Tiered mesh skirt in alternating sheer and opaque panels that create a clean, vertical rhythm through the full length silhouette. The mesh offers a light transparency while the structured lower panel lends a subtle lift, lending quiet, floaty movement.",https://cdn.shopify.com/s/files/1/0667/6142/5143/files/XORINA_SKIRT_0128.jpg?v=1773254548,"XS,S,M,L"
10,Lumea Dress in Silk,Dress,1030.0,Butter,"Ankle length silk twill dress with a smocked bodice, shirred skirt, and geometric open back. Defined by a dropped waist and lightly gathered skirt for defined shape and volume.",https://cdn.shopify.com/s/files/1/0667/6142/5143/files/LUMEA_DRESS_YELLOW-0084_1.jpg?v=1773246080,"XS,S,M,L"
11,Corin Pant in Silk,Pant,1100.0,Oak,Relaxed straight-leg pant with an adjustable drawstring waist and elongated silhouette. Cut in semi-sheer silk ponge that offers and trimmed with delicate french lace along the waistband and down the legs.,https://cdn.shopify.com/s/files/1/0667/6142/5143/files/CORRIN_PANT-0095_1.jpg?v=1773246282,"XS,S,M,L"
12,Vanta Jacket in Ponyhair,Outerwear,6500.0,Leopard,"This is a mid-length leather jacket with a straight silhouette, stand collar, and full-length raglan sleeves. Constructed in smooth Italian ponyhair leather with leather binding at the collar, cuffs, and zipper lip, it is detailed with double topstitch seams and a metal front zipper.",https://cdn.shopify.com/s/files/1/0667/6142/5143/files/VANTA_JACKET_LEOPARD-0047_2.jpg?v=1773242406,"XS,S,M,L"
13,Ellery Coat in Cashmere,Coat,2290.0,Fawn Melange,"This is a full-length, double-breasted trench coat with structured shoulders, wide lapels, and a self-belt at the waist. Tailored in brushed hairy cashmere with a smooth viscose lining, and finished with horn buttons, a back vent, and subtle leather trim details.",https://cdn.shopify.com/s/files/1/0667/6142/5143/files/ElleryCoat_Herringbone_FRONT_1.jpg?v=1761693581,"XS,S,M,L"
14,Vanta Jacket in Black,Jacket,3500.0,Black,"This is a mid-length leather jacket with a straight silhouette, stand collar, and full-length raglan sleeves. Constructed in smooth black leather with suede binding at the collar, cuffs, and zipper lip, it is detailed with double topstitch seams and a metal front zipper.",https://cdn.shopify.com/s/files/1/0667/6142/5143/files/VantaJacket_Black_FRONT_1_c7031c7e-c63b-42e4-a8cb-769b71c501c7.jpg?v=1761693142,"XS,S,M,L"
15,Lazare Trouser in Python Embossed Leather,Pant,2900.0,Copperhead,"This is a mid-rise straight leg pant with a boyish fit throughout, finished with a zip fly, trouser closure, and front and back pockets. Crafted from Italian python-embossed leather with luminescence and defined texture, and made in Italy.",https://cdn.shopify.com/s/files/1/0667/6142/5143/files/26-2018-AFL_0136_be190504-2b0b-4cb3-90f2-084ca145eb5c.jpg?v=1770320509,"0,2,4,6,8,10"
16,Lazare Trouser in Python Embossed Leather,Pant,2900.0,Racer,"This is a mid-rise straight leg pant with a boyish fit throughout, finished with a zip fly, trouser closure, and front and back pockets. Crafted from Italian python-embossed leather with luminescence and defined texture, and made in Italy.",https://cdn.shopify.com/s/files/1/0667/6142/5143/files/26-2018-AFL_0145_6d1410bf-d1a5-41b5-b6ae-ffa41eb167c9.jpg?v=1771518273,"0,2,4,6,8,10"
17,Lazare Trouser in Leather,Pant,2500.0,Black,"This is a mid-rise straight leg pant with a boyish fit throughout. Made from a buttery-soft, lightweight plongé leather sourced that is sourced in France, then crafted in Italy and finished with a zip fly, trouser closure, and front and back pockets.",https://cdn.shopify.com/s/files/1/0667/6142/5143/files/26-1991-AFL_0018.jpg?v=1769102741,"0,2,4,6,8,10"
18,Aveli Jacket in Ponyhair,Other,3400.0,Bambi,,https://cdn.shopify.com/s/files/1/0667/6142/5143/files/260109_SIMOND_AFLALO_Shot_07_014_v1_shopify.webp?v=1772736058,"S,XS,M,L"
19,Ater Pant in Silk,Pant,700.0,Moonbeam,"This is a relaxed fit, wide leg pant with an elastic waistband and clean finishings. Made in our Los Angeles atelier from opulent and heavy Italian double face silk cady, finished with a dry hand and fluid drape.",https://cdn.shopify.com/s/files/1/0667/6142/5143/files/AterPant_Moonbeam_FRONT_1.jpg?v=1761739917,"XS,S,M,L"
20,Zanitha Pant in Silk,Pant,600.0,Putty,"This is a relaxed fit, straight leg pajama pant with an elastic waistband and clean finishings. Crafted in fluid mid-weight silk twill in our Los Angeles atelier.",https://cdn.shopify.com/s/files/1/0667/6142/5143/files/ZanithaPantinSilk_RAINYDAY_9437.webp?v=1772732074,"XS,S,M,L"
21,Bethany Toe Ring in Gold-Plated Silver,Accessories,2300.0,Gold-Plated Silver,"Brilliant round-cut toe ring featuring a 3-carat stone set in 14K yellow gold-plated silver. Featuring a semi-flexible open band silhouette for sizing, and anchored by a refined four-prong setting. A masterpiece for your foot's summer dalliances. All Summer Diamonds sales are final. To view and shop in-person, please email to schedule an appointment at our SoHo, NY Studio.",https://cdn.shopify.com/s/files/1/0667/6142/5143/files/aflalo_ring3_front-web_03571bdb-d22b-4376-bae8-30c545e8ebaa.jpg?v=1757782592,OS
22,Lolana Pant in Viscose,Pant,690.0,Black,"Voluminous and subtly sheer pleated leg pants that gather and taper at the ankle. Cut from lightweight and sheer viscose jersey with a fluid drape, dry texture, and cool hand feel. The pants are complete with a mini-short lining and elastic waistband and leg openings for ease of wear.",https://cdn.shopify.com/s/files/1/0667/6142/5143/files/LolanaBlack_3962550d-188d-4153-93ee-a7563520906f.webp?v=1760999180,"XS,S,M,L"
23,Mentra Jacket in Python Embossed Leather,Jacket,4200.0,Copperhead,"This is a waist length moto jacket with a rounded silhouette, minimal hardware detailing, and zipper closure. Cut from python embossed leather and made in Italy.",https://cdn.shopify.com/s/files/1/0667/6142/5143/files/26-2018-AFL_0319_580d0e91-df3e-4fe5-9823-52d5028204d7.jpg?v=1770320579,"XS,S,M,L"
24,Junia Pant in Wool Silk,Pant,800.0,Olive,"The Junia Pant is low-rise with a straight, baggy leg and a relaxed fit through the hip. Cut in Italian Wool & Silk and finished with a pressed crease down the legs, 5-pocket detail, and trouser.",https://cdn.shopify.com/s/files/1/0667/6142/5143/files/26-2018-AFL_0164_ce3c903a-fb02-4b4c-8874-15b2bb1e8e51.jpg?v=1770320630,"0,2,4,6,8,10"
25,Mira Jacket in Wool Silk,Jacket,1300.0,Olive,,https://cdn.shopify.com/s/files/1/0667/6142/5143/files/MiraJacketinWoolSilk_Olive_BlueBG_117_V2.jpg?v=1772063068,"XS,S,M,L"
26,Carmela Top in Silk Cotton,Top,630.0,Ivory,"This is an oversized button-up shirt with a fluid, relaxed drape and a pussybow scarf attached at the neck. Cut in cotton silk jacuard with a luminous sheen and refined texture, and finished with buttons at the front placket and cuffs.",https://cdn.shopify.com/s/files/1/0667/6142/5143/files/26-2018-AFL_0261_fd103890-5627-4c42-8d7b-b81d27bb59ac.jpg?v=1770320669,"XS,S,M,L"
27,Alere Top in Silk,Top,630.0,Bonica Rose,"Halter top in lightweight Italian silk georgette, defined by a softly draped v-neckline, low open back, and fringe trim detailing. Finished front pockets, a contrast placket in metallic silk canvas, woven buttons, and a self-tie back closure.",https://cdn.shopify.com/s/files/1/0667/6142/5143/files/26-2018-AFL_0298_2b0dae72-7028-4c13-b134-5c4a0266478a.jpg?v=1770320754,"XS,S,M,L"
28,Alere Top in Silk,Top,630.0,Marine,"Halter top in lightweight Italian silk georgette, defined by a softly draped v-neckline, low open back, and fringe trim detailing. Finished front pockets, a contrast placket in metallic silk canvas, woven buttons, and a self-tie back closure.",https://cdn.shopify.com/s/files/1/0667/6142/5143/files/26-2018-AFL_0285_858c0000-3382-4cb4-b284-c62f8c86853a.jpg?v=1770320785,"XS,S,M,L"
29,Tavi Pant in Wool,Pant,670.0,Camel,"This is a low-rise pant with a wide leg and clean, elongated line. Crafted in fine Italian wool twill for a soft hand and subtle texture, it is finished with surf-inspired double needle contrast top stitching at the waistband and front seams, and a classic cord tie closure.",https://cdn.shopify.com/s/files/1/0667/6142/5143/files/26-2018-AFL_0156_2cf46e4e-111e-4ba5-9aa0-bddf90847203.jpg?v=1770320859,"0,2,4,6,8,10"
30,Oraya Sweater in Cashmere,Sweater,630.0,Toffee Melange,"Medium weight cashmere sweater with a high v-neck and dolman sleeves. Designed for a relaxed fit with a slight taper at the hem, and finished with off-gauge rib detail at the neck.",https://cdn.shopify.com/s/files/1/0667/6142/5143/files/26-2018-AFL_0180_0655e05b-3b97-4210-828d-1693c2b1cf1c.jpg?v=1770321102,"XS,S,M,L"
31,Oraya Sweater in Cashmere,Sweater,630.0,Verdune,"Medium weight cashmere sweater with a high v-neck and dolman sleeves. Designed for a relaxed fit with a slight taper at the hem, and finished with off-gauge rib detail at the neck.",https://cdn.shopify.com/s/files/1/0667/6142/5143/files/26-2018-AFL_0190_7b336ca4-4023-44a6-9c5e-97522f53bd42.jpg?v=1770321035,"XS,S,M,L"
32,Ondyn Cardigan in Cashmere,Sweater,700.0,Black,"This is a compact knit cashmere cardigan, cropped just above the natural waist and defined by bell sleeves, cashmere-covered buttons, and rib detailing at the neck, sleeves, and hem.",https://cdn.shopify.com/s/files/1/0667/6142/5143/files/OndynCardigan_Black_FRONT_1.jpg?v=1770303831,"XS,S,M,L"
33,Ona Sweater in Cashmere,Sweater,590.0,Citron,This is a high-gauge cashmere sweater with a slim fit throughout and a slightly exaggerated polo collar. Finished with a half-zip detail with silver hardware and rib detailing at the sleeves and hem.,https://cdn.shopify.com/s/files/1/0667/6142/5143/files/26-2018-AFL_0198_17194b35-f607-49ed-98a3-440ed8418fbd.jpg?v=1770320975,"XS,S,M,L"
34,Marana Sweater in Wool,Sweater,400.0,Celeste,"This is a relaxed fit open deep-v-neckline sweater in soft and super fine merino wool. Designed to taper slightly at the hem to create a bloussant effect through the body, and finished with rib detailing at the neck, sleeves, and hem. Wear as-is or choose to expose a bra as a styling piece underneath.",https://cdn.shopify.com/s/files/1/0667/6142/5143/files/26-2018-AFL_0214_f90c169e-951a-4470-a814-6e3f6ac79c55.jpg?v=1770321161,"XS,S,M,L"
35,Marana Sweater in Wool,Sweater,400.0,Black,"This is a relaxed fit open deep-v-neck sweater in soft and super fine merino wool. Designed to taper slightly at the hem to create a bloussant effect through the body, and finished with rib detailing at the neck, sleeves, and hem. Wear as-is or choose to expose a bra as a styling piece underneath.",https://cdn.shopify.com/s/files/1/0667/6142/5143/files/26-2018-AFL_0223_35169536-4ee6-469e-a368-902cdea879ef.jpg?v=1770321193,"XS,S,M,L"
36,Safre Top in Wool,Sweater,370.0,Marine,"A fitted, full-length tank top with a wide crew-neckline to refine the classic silhouette. Knit from semi-sheer and light-weight ribbed merino wool.",https://cdn.shopify.com/s/files/1/0667/6142/5143/files/26-2018-AFL_0237_957092bb-bcd4-460b-961b-b362657a7015.jpg?v=1770321215,"XS,S,M,L"
37,Safre Top in Wool,Sweater,370.0,Ivory,"A fitted, full-length tank top with a wide boat-neckline to refine the classic silhouette. Knit from semi-sheer and light-weight ribbed merino wool.",https://cdn.shopify.com/s/files/1/0667/6142/5143/files/26-2018-AFL_0233_72f02ebd-35dd-4376-9190-fff7bba82e04.jpg?v=1770321244,"XS,S,M,L"
38,Faun Shirt in Silk,Top,630.0,Rose Quartz,"This is an oversized button-up shirt with a fluid, relaxed drape and an elongated silhouette. Cut in light-weight silk lamé with a metallic sheen and texture, and finished with buttons at the front placket and cuffs.",https://cdn.shopify.com/s/files/1/0667/6142/5143/files/FawnShirt_RoseQuartz_FRONT_1.jpg?v=1770302876,"XS,S,M,L"
39,Aveki Skirt in Ponyhair,Skirt,990.0,Bambi,This is a true mini skirt crafted in richly textured leather ponyhair with a printed bambi motif. Hand finished and complete with an invisible side zipper closure.,https://cdn.shopify.com/s/files/1/0667/6142/5143/files/26-1991-AFL_0024_b14d521c-d501-4e73-83be-e52d3ab293a5.jpg?v=1769102699,"0,2,4,6,8,10"
40,Faun Shirt in Silk,Top,630.0,Forest,"This is an oversized button-up shirt with a fluid, relaxed drape and an elongated silhouette. Cut in mid-weight Italian silk satin with subtle tonal striping and finished with buttons at the front placket and cuffs.",https://cdn.shopify.com/s/files/1/0667/6142/5143/files/FawnShirt_Forest_FRONT_1.jpg?v=1769102904,"XS,S,M,L"
41,Moura Coat in Shearling,Outerwear,3500.0,Moonbeam,"Cropped coat with a shawl collar, structured shoulders, and a slightly oversized, boxy silhouette. Tailored in plush Italian shearling with enveloping warmth and a dense, velvety texture and completed with discreet color-matched fabric-covered hook and bar closures, hitting just above the hip.",https://cdn.shopify.com/s/files/1/0667/6142/5143/files/26-1991-AFL_0027.webp?v=1769106539,"XS,S,M,L"
42,Verne Jean in Rigid Denim,Denim,430.0,Western Haze,"The Verne Jean is low-rise with a straight, baggy leg and a relaxed fit through the hip. Made in Los Angeles and cut in rigid Japanese denim with a substantial hand and finished with a 5-button fly closure.",https://cdn.shopify.com/s/files/1/0667/6142/5143/files/26-1991-AFL_0008.jpg?v=1770307182,"24,25,26,27,28,29,30"
43,Verne Jean in Rigid Denim,Denim,430.0,Nihon Rinse,"The Verne Jean is low-rise with a straight, baggy leg and a relaxed fit through the hip. Made in Los Angeles and cut in rigid Japanese denim with a substantial hand and finished with a button fly closure.",https://cdn.shopify.com/s/files/1/0667/6142/5143/files/26-1991-AFL_0012.jpg?v=1770307039,"24,25,26,27,28,29,30"
44,Kundera Jean in Rigid Denim,Denim,430.0,Bruised Blue,"A low to mid-rise jean with a relaxed, classic silhouette that captures the perfect slouchy fit with a flattering edge. Made from rigid cotton denim, it holds its shape while falling with ease.",https://cdn.shopify.com/s/files/1/0667/6142/5143/files/26-1991-AFL_0013_1.jpg?v=1769107156,"24,25,26,27,28,29,30"
45,Rhys Jean in Rigid Denim,Denim,430.0,Blue Hour,"The Rhys Jean is mid-rise with a straight, wide leg that falls cleanly from hip to hem. Tailored in Los Angeles from rigid Japanese denim and finished with a zipper fly closure.",https://cdn.shopify.com/s/files/1/0667/6142/5143/files/26-1991-AFL_0006.webp?v=1769106658,"24,25,26,27,28,29,30"
46,Oracle Strand Necklace in White Gold,Accessories,9500.0,White Gold,"A 14"" strand of cultured pearls, anchored by a round 4-carat diamond set in a brushed 14k white gold Greek-motif bezel. Slightly longer than a choker, it sits neatly along the collarbone.",https://cdn.shopify.com/s/files/1/0667/6142/5143/files/aflalo_neckl1_top.jpg?v=1768518082,Necklace
47,Easy Stud Earrings in White Gold,Accessories,450.0,White Gold,"A pair of classic stud earrings featuring round lab-grown diamonds, each weighing 0.5 carats, set in a clean three-prong setting of 14k white gold.",https://cdn.shopify.com/s/files/1/0667/6142/5143/files/aflalo_earr1_front.jpg?v=1768517992,"Single,Pair"
48,Luna Trench in Cotton Nylon,Coat,1100.0,Fennel,"A soft-tailored, double-breasted trench coat with relaxed raglan sleeves, wide notched lapel, and detachable belt. Cut from crisp Italian cotton-nylon for subtle shine and a structured yet fluid drape. Complete with a back storm flap, adjustable cuff straps, and a center back vent.",https://cdn.shopify.com/s/files/1/0667/6142/5143/files/LunaTrench_Taupe_9564.jpg?v=1764533595,"XS,S,M,L"
49,Racquet String in Gold,Accessories,0.0,Prussian Blue,"A 16.25 carat line of emerald-cut diamonds, woven into a set of jewel-toned navy silk string and anchored by 14k gold settings. Standard length of the bracelet is 7"", please inquire for custom length. Racquet is the new tennis as far as bracelets go. Wear it with the Ida Ring and a black silk gown to pick up soda from the store down the road. To view and shop in-person, visit our Soho Showroom at 56 Greene Street, FL 3. Open weekly Wed-Sun, 11-7pm. Returns or exchanges accepted within 14 days of shipment.",https://cdn.shopify.com/s/files/1/0667/6142/5143/files/aflalo_brace2_front-web.jpg?v=1763738923,Prussian Blue
50,Oracle Bracelet in White Gold,Accessories,0.0,White Gold,"A 7"" strand of white cultured pearls, anchored by a 3-carat diamond in a minimal 14k white gold setting. Sphere clasp with pavé diamonds close the strand. Layers nicely with the Racquet String Bracelets in any color. To view and shop in-person, visit our Soho Showroom at 56 Greene Street, FL 3. Open weekly Wed-Sun, 11-7pm. Returns or exchanges accepted within 14 days of shipment.",https://cdn.shopify.com/s/files/1/0667/6142/5143/files/aflalo_brace1_front-web_3aa77065-2d51-4c06-9251-b39a760d03ec.jpg?v=1763742410,White Gold
51,Tahitian Oracle Strand Necklace in Gold,Accessories,0.0,Gold,"A 14"" strand of Tahitian pearls, anchored by a round 6.1-carat diamond set in a brushed 14k yellow gold Greek-motif bezel. Slightly longer than a choker, it sits neatly along the collarbone and layers easily with the Tile Necklace. To view and shop in-person, visit our Soho Showroom at 56 Greene Street, FL 3. Open weekly Wed-Sun, 11-7pm. Returns or exchanges accepted within 14 days of shipment.",https://cdn.shopify.com/s/files/1/0667/6142/5143/files/aflalo_neckl1_top-web_b39895c4-fc76-4787-9bab-63a6c6fd5f7d.jpg?v=1763742312,Gold
52,Tile Necklace in Gold,Accessories,0.0,Gold,"A line of semi-precious stone tiles of Malachite, Lapis, Synthetic Coral, Turquoise, Mother Of Pearl. Set in 14k yellow gold, each tile is separated from the next by a ¼-carat diamond in a minimal gold setting. It sits along the collarbone with a slinky curve and closes at the back neck with a delicate hook and eye. Layers nicely the Tahitian Oracle Strand Necklace. To view and shop in-person, visit our Soho Showroom at 56 Greene Street, FL 3. Open weekly Wed-Sun, 11-7pm. Returns or exchanges accepted within 14 days of shipment.",https://cdn.shopify.com/s/files/1/0667/6142/5143/files/aflalo_neckl2_top-web.jpg?v=1763742224,Gold
53,Lone Tile Pendant Necklace in Gold,Accessories,0.0,Gold,"A single tiger eye semi-precious stone tile set in 14k yellow gold, outlined by a continuous 1.05ctw pavé diamond surround and finished with a white cultured pearl drop. Strung on a deep tan leather cord that can be worn long or doubled. Pairs nicely with the priestess tennis drop earring in White Gold. To view and shop in-person, visit our Soho Showroom at 56 Greene Street, FL 3. Open weekly Wed-Sun, 11-7pm. Returns or exchanges accepted within 14 days of shipment.",https://cdn.shopify.com/s/files/1/0667/6142/5143/files/aflalo_neckl3_front_close-web.jpg?v=1763742084,Gold
54,Priestess Tennis Drop Earrings in White Gold,Accessories,0.0,White Gold,"A 2.25 carat antique emerald-cut lab-grown diamond in each ear, accompanied by a white cultured pearl drop, suspended from a 14k white gold setting. Available to purchase as a single earring, or as a pair. To view and shop in-person, visit our Soho Showroom at 56 Greene Street, FL 3. Open weekly Wed-Sun, 11-7pm. Returns or exchanges accepted within 14 days of shipment.",https://cdn.shopify.com/s/files/1/0667/6142/5143/files/aflalo_earr2_front-web_f85b1614-47e4-4b2f-8b3d-8640e6726d68.jpg?v=1763740032,"Single,Pair"
55,Orbit Solitaire Huggie Earrings in Gold,Accessories,0.0,Gold,"6 carats total of brilliant round-cut lab-grown diamonds, set in 14k yellow gold. Suspended from 14k gold huggie hoops, each 3 carat stone is held in a minimal prong setting that highlights the scale and sparkle. Available to purchase as a single earring, or as a traditional pair. To view and shop in-person, visit our Soho Showroom at 56 Greene Street, FL 3. Open weekly Wed-Sun, 11-7pm. Returns or exchanges accepted within 14 days of shipment.",https://cdn.shopify.com/s/files/1/0667/6142/5143/files/aflalo_earr1_front-web_f7897619-ba8e-4717-bda7-f31096cf27ea.jpg?v=1763740005,"Single,Pair"
56,Canary Ida Ring in Gold,Accessories,0.0,Canary,"Centered on a 5.2 carat antique emerald-cut lab-grown canary diamond and flanked by 1.8 carats worth of vivid blue trillion side stones, this ring is designed to be worn on the pinky finger while holding a tea cup to your mouth, then subtly dropping it to the floor. Set in 14k yellow gold with fine double prongs that echo the geometry of the cut, the ring is best worn with a boxy, cotton shirt and drawstring pants. To view and shop in-person, visit our Soho Showroom at 56 Greene Street, FL 3. Open weekly Wed-Sun, 11-7pm. Returns or exchanges accepted within 14 days of shipment.",https://cdn.shopify.com/s/files/1/0667/6142/5143/files/aflalo_ring1_front-web3.jpg?v=1763749487,"1.5,2,2.5,3,3.5,4,4.5,5"
57,Canary Ida Ring in Gold,Accessories,8800.0,Canary,"Centered on a 5.2 carat antique emerald-cut lab-grown canary diamond and flanked by 1.8 carats worth of vivid blue trillion side stones, this ring is designed to be worn on the pinky finger while holding a tea cup to your mouth, then subtly dropping it to the floor. Set in 14k yellow gold with fine double prongs that echo the geometry of the cut, the ring is best worn with a boxy, cotton shirt and drawstring pants. To view and shop in-person, visit our Soho Showroom at 56 Greene Street, FL 3. Open weekly Wed-Sun, 11-7pm. Returns or exchanges accepted within 14 days of shipment.",https://cdn.shopify.com/s/files/1/0667/6142/5143/files/aflalo_ring1_front-web3.jpg?v=1763749487,"1.5,2,2.5,3,3.5,4,4.5,5"
58,Orbit Solitaire Huggie Earrings in Gold,Accessories,2200.0,Gold,"6 carats total of brilliant round-cut lab-grown diamonds, set in 14k yellow gold. Suspended from 14k gold huggie hoops, each 3 carat stone is held in a minimal prong setting that highlights the scale and sparkle. Available to purchase as a single earring, or as a traditional pair. To view and shop in-person, visit our Soho Showroom at 56 Greene Street, FL 3. Open weekly Wed-Sun, 11-7pm. Returns or exchanges accepted within 14 days of shipment.",https://cdn.shopify.com/s/files/1/0667/6142/5143/files/aflalo_earr1_front-web_f7897619-ba8e-4717-bda7-f31096cf27ea.jpg?v=1763740005,"Single,Pair"
59,Lone Tile Pendant Necklace in Gold,Accessories,3400.0,Gold,"A single tiger eye semi-precious stone tile set in 14k yellow gold, outlined by a continuous 1.05ctw pavé diamond surround and finished with a white cultured pearl drop. Strung on a deep tan leather cord that can be worn long or doubled. Pairs nicely with the priestess tennis drop earring in White Gold. To view and shop in-person, visit our Soho Showroom at 56 Greene Street, FL 3. Open weekly Wed-Sun, 11-7pm. Returns or exchanges accepted within 14 days of shipment.",https://cdn.shopify.com/s/files/1/0667/6142/5143/files/aflalo_neckl3_front_close-web.jpg?v=1763742084,Gold
60,Priestess Tennis Drop Earrings in White Gold,Accessories,2800.0,White Gold,"A 2.25 carat antique emerald-cut lab-grown diamond in each ear, accompanied by a white cultured pearl drop, suspended from a 14k white gold setting. Available to purchase as a single earring, or as a pair. To view and shop in-person, visit our Soho Showroom at 56 Greene Street, FL 3. Open weekly Wed-Sun, 11-7pm. Returns or exchanges accepted within 14 days of shipment.",https://cdn.shopify.com/s/files/1/0667/6142/5143/files/aflalo_earr2_front-web_f85b1614-47e4-4b2f-8b3d-8640e6726d68.jpg?v=1763740032,"Single,Pair"
61,Tile Necklace in Gold,Accessories,22500.0,Gold,"A line of semi-precious stone tiles of Malachite, Lapis, Synthetic Coral, Turquoise, Mother Of Pearl. Set in 14k yellow gold, each tile is separated from the next by a ¼-carat diamond in a minimal gold setting. It sits along the collarbone with a slinky curve and closes at the back neck with a delicate hook and eye. Layers nicely the Tahitian Oracle Strand Necklace. To view and shop in-person, visit our Soho Showroom at 56 Greene Street, FL 3. Open weekly Wed-Sun, 11-7pm. Returns or exchanges accepted within 14 days of shipment.",https://cdn.shopify.com/s/files/1/0667/6142/5143/files/aflalo_neckl2_top-web.jpg?v=1763742224,Gold
62,Tahitian Oracle Strand Necklace in Gold,Accessories,14500.0,Gold,"A 14"" strand of Tahitian pearls, anchored by a round 6.1-carat diamond set in a brushed 14k yellow gold Greek-motif bezel. Slightly longer than a choker, it sits neatly along the collarbone and layers easily with the Tile Necklace. To view and shop in-person, visit our Soho Showroom at 56 Greene Street, FL 3. Open weekly Wed-Sun, 11-7pm. Returns or exchanges accepted within 14 days of shipment.",https://cdn.shopify.com/s/files/1/0667/6142/5143/files/aflalo_neckl1_top-web_b39895c4-fc76-4787-9bab-63a6c6fd5f7d.jpg?v=1763742312,Gold
63,Oracle Bracelet in White Gold,Accessories,6800.0,White Gold,"A 7"" strand of white cultured pearls, anchored by a 3-carat diamond in a minimal 14k white gold setting. Sphere clasp with pavé diamonds close the strand. Layers nicely with the Racquet String Bracelets in any color. To view and shop in-person, visit our Soho Showroom at 56 Greene Street, FL 3. Open weekly Wed-Sun, 11-7pm. Returns or exchanges accepted within 14 days of shipment.",https://cdn.shopify.com/s/files/1/0667/6142/5143/files/aflalo_brace1_front-web_3aa77065-2d51-4c06-9251-b39a760d03ec.jpg?v=1763742410,White Gold
64,Racquet String in Gold,Accessories,8800.0,Prussian Blue,"A 16.25 carat line of emerald-cut diamonds, woven into a set of jewel-toned navy silk string and anchored by 14k gold settings. Standard length of the bracelet is 7"", please inquire for custom length. Racquet is the new tennis as far as bracelets go. Wear it with the Ida Ring and a black silk gown to pick up soda from the store down the road. To view and shop in-person, visit our Soho Showroom at 56 Greene Street, FL 3. Open weekly Wed-Sun, 11-7pm. Returns or exchanges accepted within 14 days of shipment.",https://cdn.shopify.com/s/files/1/0667/6142/5143/files/aflalo_brace2_front-web.jpg?v=1763738923,Prussian Blue
65,Ismara Dress in Silk,Dress,900.0,Quartz,"Bias-cut gown with a deep scoop neckline, wide tank shape, and a floor-length hem. Crafted from metallic silk lamé that is both lightweight and opulent, creating a liquid drape that cascades over the body.",https://cdn.shopify.com/s/files/1/0667/6142/5143/files/1ismara.webp?v=1763564941,"XS,S,M,L"
66,Xorina Skirt in Mesh,Skirts,1100.0,Black,"Tiered mesh skirt in alternating sheer and opaque panels that create a clean, vertical rhythm through the full length silhouette. The mesh offers a light transparency while the structured lower panel lends a subtle lift, lending quiet, floaty movement.",https://cdn.shopify.com/s/files/1/0667/6142/5143/files/1xorina.webp?v=1763564752,"XS,S,M,L"
67,Alune Dress in Wool Silk,Dress,1390.0,Citron,"A floor length dress with a strapless, straight neckline, fitted bodice, and sculpted hips to create a refined hourglass silhouette. Made in a smooth and dry Italian wool & silk shantung with a lustrous, subtly textured finish.",https://cdn.shopify.com/s/files/1/0667/6142/5143/files/1alune.webp?v=1763564776,"0,2,4,6,8,10"
68,Lumea Dress in Silk,Dress,1030.0,Black,"Ankle length silk twill dress with a smocked bodice, shirred skirt, and geometric open back. Defined by an under-layer organza poof at the seam for slightly exaggerated shape and volume.",https://cdn.shopify.com/s/files/1/0667/6142/5143/files/1lumia.webp?v=1763564799,"XS,S,M,L"
69,Keaton Dress in Silk,Dress,1390.0,Black,"A sleeveless mini dress with a sheath silhouette, boat neckline, and geometric low open back. Cut from crisp Italian silk gazar, double-layer throughout, and complete with delicate hand-sewn lace trim edges and a ppliqués .",https://cdn.shopify.com/s/files/1/0667/6142/5143/files/KeatonDress_Black_FRONT_1.jpg?v=1763527061,"XS,S,M,L"
70,Sagan Jean in Stretch Denim,Denim,430.0,Pure Onyx,"Mid-rise stretch denim pant inspired by the clean, elongated lines of our signature Alden Pant. The silhouette is slim through the hip with a straight leg, cut in stretch Japanese denim that offers gentle flexibility and a refined smooth surface. Finished with a narrow waistband, belt loops, and an invisible side zipper.",https://cdn.shopify.com/s/files/1/0667/6142/5143/files/26-1991-AFL_0017.webp?v=1769106707,"24,25,26,27,28,29,30"
71,Zadie Jacket in Suede,Jacket,3300.0,Stone,"This is a mid-length leather jacket with a straight silhouette, stand collar, and full-length raglan sleeves. Constructed in smooth black leather with suede binding at the collar, cuffs, and zipper lip, it is detailed with double topstitch seams and a metal front zipper.",https://cdn.shopify.com/s/files/1/0667/6142/5143/files/ZadieJacket_Slate_FRONT_1_4378951f-8365-482d-b020-3d7c97fc88c8.jpg?v=1761692035,"XS,S,M,L"
72,Rhys Pant in Corduroy,Pant,570.0,Thyme,"This is a mid-rise pant with a straight, wide leg that falls cleanly from hip to hem. Tailored in cotton corduroy with a structured drape and soft, velvety hand.",https://cdn.shopify.com/s/files/1/0667/6142/5143/files/Rhyspant_Thyme.jpg?v=1761693958,"24,25,26,27,28,29,30"
73,Rhys Pant in Corduroy,Pant,570.0,Goldenrod,"This is a mid-rise pant with a straight, wide leg that falls cleanly from hip to hem. Tailored in cotton corduroy with a structured drape and soft, velvety hand.",https://cdn.shopify.com/s/files/1/0667/6142/5143/files/Rhyspant_Goldenrod_FRONT_1_61b8f2c1-8825-47e4-a800-197148cd6272.jpg?v=1761693993,"24,25,26,27,28,29,30"
74,Brein Shirt in Cotton,Shirt,430.0,Lochran Tartan,"This is an oversized button-up shirt with smoke mother-of-pearl buttons at the front placket and cuffs . Crafted in cotton poplin, it offers a clean drape and softly structured feel for easy, everyday wear.",https://cdn.shopify.com/s/files/1/0667/6142/5143/files/BreinShirt_LochranTartan_FRONT_1.jpg?v=1761739251,"XS,S,M,L"
75,Adrian Shirt in Cotton,Shirt,500.0,Charcoal Tartan,"Straight fit button-up shirt with a tuckable hem, sharp pointed collar, and western-inspired front pockets. Cut in cotton flannel with a brushed hand and substantial warmth, and finished with brown buttons at the front and cuffs.",https://cdn.shopify.com/s/files/1/0667/6142/5143/files/Adrian_Shirt_Charcoal_Tartan_FRONT_1.jpg?v=1761739556,"XS,S,M,L"
76,Kundera Jean in Rigid Denim,Denim,430.0,Acid Plum,"A low to mid-rise jean with a relaxed, classic silhouette that captures the perfect slouchy fit with a flattering edge. Made from rigid cotton denim, it holds its shape while falling with ease.",https://cdn.shopify.com/s/files/1/0667/6142/5143/files/KunderaJean_AcidPlum_FRONT_1.jpg?v=1761740296,"24,25,26,27,28,29,30"
77,Gunner Tank in Silk,Tank,300.0,White,"This is a fitted, longline muscle tank that extends past the hip, with a crew neckline and subtly contoured armholes. Cut from double-layer pure silk jersey for a lustrous sheen and a cool, second-skin feel on the body.",https://cdn.shopify.com/s/files/1/0667/6142/5143/files/GunnerTop_White_FRONT_1.jpg?v=1761740255,"XS,S,M,L"
78,Velin Sweater in Cashmere,Sweaters,570.0,Midnight,"Classic crewneck sweater in pure cashmere with a slightly shrunken, straight silhouette that contours gently to the body. Designed with long, fitted sleeves and a tubular rib neckline for a refined finish. Crafted from soft, weightless cashmere that drapes with natural ease and quiet warmth.",https://cdn.shopify.com/s/files/1/0667/6142/5143/files/VelinSweater_Navy_FRONT_1.jpg?v=1761740770,"XS,S,M,L"
79,Lolana Pant in Viscose,Pant,690.0,Prussian Blue,"Voluminous and pleated leg pants that gather and taper at the ankle. Cut from lightweight and sheer viscose jersey with a fluid drape, dry texture, and cool hand feel. The pants are complete with an elastic waistband and leg openings for ease of wear.",https://cdn.shopify.com/s/files/1/0667/6142/5143/files/LolanaPant_Midnight_FRONT_1.jpg?v=1761692183,"XS,S,M,L"
80,Gunner Tank in Silk,Tank,300.0,Black,"This is a fitted, longline muscle tank that extends past the hip, with a crew neckline and subtly contoured armholes. Cut from double-layer pure silk jersey for a lustrous sheen and a cool, second-skin feel on the body.",https://cdn.shopify.com/s/files/1/0667/6142/5143/files/GunnerTop_Black_FRONT_1.jpg?v=1761740371,"XS,S,M,L"
81,Colette Sweater in Cashmere,Sweater,510.0,Charcoal Heather,"Crafted in fine cashmere, this is a regular-fit crewneck sweater with rib detailing at the neck, hem, and cuffs. The silhouette is enhanced by thin shoulder pads, delicately sewn in for subtle structure and definition.",https://cdn.shopify.com/s/files/1/0667/6142/5143/files/ColleteeSweater_CharcoalHeather_FRONT_1.jpg?v=1761740639,"XS,S,M,L"
82,Velin Sweater in Cashmere,Sweater,570.0,Butter,"Classic crewneck sweater in pure cashmere with a slightly shrunken, straight silhouette that contours gently to the body. Designed with long, fitted sleeves and a tubular rib neckline for a refined finish. Crafted from soft, weightless cashmere that drapes with natural ease and quiet warmth.",https://cdn.shopify.com/s/files/1/0667/6142/5143/files/VelinSweater_Butter_FRONT_1.jpg?v=1761692351,"XS,S,M,L"
83,Miller Jean in Stretch Denim,Denim,410.0,Deep Rinse,"The Miller Jean is high-waisted with a very slim bootcut leg and zipper fly closure. Cut in stretch denim, this is a comfortable, tight-fitting jean designed to lift the butt and create a long, lean line.",https://cdn.shopify.com/s/files/1/0667/6142/5143/files/MillerJean_DeepRinse_FRONT_1.jpg?v=1769092599,"24,25,26,27,28,29,30"
84,Leary Jean in Rigid Denim,Denim,410.0,Subdued Indigo,"The Leary Jean is low-waisted with a perfectly flared leg and zipper fly closure. Cut in thick rigid denim, this is a tight-fitting jean crafted to lift the butt and elongate the legs all at once.",https://cdn.shopify.com/s/files/1/0667/6142/5143/files/LearyJean_SubduedIndigo_FRONT_1.jpg?v=1761776681,"24,25,26,27,28,29,30"
85,Gide Sweater in Wool,Sweater,430.0,Plum,"Crafted in semi-sheer fine merino wool, this is a slim-fit turtleneck with a sharp shoulder and rib detailing at the neck, hem, and cuffs. The silhouette is enhanced by thin shoulder pads, delicately sewn in for subtle structure and definition.",https://cdn.shopify.com/s/files/1/0667/6142/5143/files/GideSweater_Plum_Front_76ce92e1-2c90-450d-8fb5-02886f3a6690.webp?v=1761746461,"XS,S,M,L"
86,Herve Sweater in Cashmere,Sweater,630.0,Black,"Medium weight cropped cashmere sweater with a funnel neck, dropped sleeve, and tapered hem for a blousant fit through the body. Finished with rib detailing at the hem and cuffs, and a reverse seam detail at the center back.",https://cdn.shopify.com/s/files/1/0667/6142/5143/files/HerveSweater_Black_Front_Alternate_68235643-423c-4ed7-9f83-56e2f45f5707.webp?v=1761746327,"XS,S,M,L"
87,Gide Sweater in Wool,Sweater,430.0,Black,"Crafted in semi-sheer fine merino wool, this is a slim-fit turtleneck with a sharp shoulder and rib detailing at the neck, hem, and cuffs. The silhouette is enhanced by thin shoulder pads, delicately sewn in for subtle structure and definition.",https://cdn.shopify.com/s/files/1/0667/6142/5143/files/Gide_Sweater_Black_Front_13d03842-55cf-45d4-a288-3c2ee9854025.webp?v=1770060906,"XS,S,M,L"
88,Miller Jean in Stretch Denim,Denim,410.0,Pure Onyx,"The Miller Jean is high-waisted with a very slim bootcut leg and zipper fly closure. Cut in stretch denim, this is a comfortable, tight-fitting jean designed to lift the butt and create a long, lean line.",https://cdn.shopify.com/s/files/1/0667/6142/5143/files/MillerJean_PureOnyx_FRONT_1.jpg?v=1761776615,"24,25,26,27,28,29,30"
89,Miller Jean in Stretch Denim,Denim,410.0,Worn Cobalt,"The Miller Jean is high-waisted with a very slim bootcut leg and zipper fly closure. Cut in stretch denim, this is a comfortable, tight-fitting jean designed to lift the butt and create a long, lean line.",https://cdn.shopify.com/s/files/1/0667/6142/5143/files/MillerJean_WornCobalt_FRONT_1.jpg?v=1761776622,"24,25,26,27,28,29,30"
90,Orwell Jean in Rigid Denim,Denim,430.0,Blue Hour,"The Orwell Jean is an ode to perfect-fit vintage denim. This rigid denim jean is mid-high rise with a classic straight leg and 5-button fly. Wear it true to size for a fitted look throughout, creating that lifted shape of the butt. Size it up one - or daringly, two - for the optimal slouch jean.",https://cdn.shopify.com/s/files/1/0667/6142/5143/files/OrwellJean_BlueHour_FRONT_1_8b3b7e96-bff1-4df0-921b-c6df93ad43b8.jpg?v=1761776528,"24,25,26,27,28,29,30"
91,Orwell Jean in Rigid Denim,Denim,430.0,Deep Truffle,,https://cdn.shopify.com/s/files/1/0667/6142/5143/files/OrwellJean_DeepTruffle_FRONT_1.jpg?v=1761776535,"24,25,26,27,28,29,30"
92,Elestra Top in Silk,Tops,600.0,Black,Slightly cropped top with a wide boat neckline and mid-length sleeve. Cut in midweight silk crepe de chine for subtle sheen and fluid drape. Can be worn off one shoulder.,https://cdn.shopify.com/s/files/1/0667/6142/5143/files/ElestraTop_Black_FRONT_1_caa19d23-b13f-489f-9daf-98973cfe427b.webp?v=1761741480,"XS,S,M,L"
93,Cira Tank in Wool,Sweater,230.0,Smoke Heather,"A fitted, full-length tank top with a crew neckline and subtle contouring at the chest and back for a refined, classic silhouette. Knit from semi-sheer and light-weight ribbed merino wool.",https://cdn.shopify.com/s/files/1/0667/6142/5143/files/CiraTank_SmokeHeather_FRONT_1_6269f7ca-3c3e-4297-b5a4-4c30df1553af.webp?v=1761741495,"XS,S,M,L"
94,Elara Sweater in Cashmere,Sweater,590.0,Black,"Medium weight cashmere sweater with a high v-neck and raglan sleeves. Designed to fit slightly oversized with a slight taper at the hem, and finished with rib detailing.",https://cdn.shopify.com/s/files/1/0667/6142/5143/files/ElaraSweater_Black_FRONT_1_57859c9b-167f-4039-9c4f-825f93a88af4.webp?v=1761745626,"XS,S,M,L"
95,Herve Sweater in Cashmere,Sweater,630.0,Oat,"Medium weight cropped cashmere sweater with a funnel neck, dropped sleeve, and tapered hem for a blousant fit through the body. Finished with rib detailing at the hem and cuffs, and a reverse seam detail at the center back.",https://cdn.shopify.com/s/files/1/0667/6142/5143/files/HerveDress_Oat_FRONT_1.webp?v=1761746481,"XS,S,M,L"
96,Bradum Pant in Wool,Bottoms,610.0,Black,"This is a low-mid rise pant with a wide leg, clean waist, and invisible zipper closure at the side. Made from fine Italian wool twill that lends a soft handfeel and subtle texture.",https://cdn.shopify.com/s/files/1/0667/6142/5143/files/BradumPant_Black_Front_4cee3576-736b-4716-806c-e709bcfe972a.webp?v=1761746533,"0,2,4,6,8,10"
97,Zadie Jacket in Leather,Jacket,2700.0,Black,"Waist length jacket with a bubble hem, funnel collar, and dropped, long sleeves. Cut in supple Italian Nappa leather with a soft sheen, and refined by seamed panel detailing, chest flap pockets, and sleek metal zip closure.",https://cdn.shopify.com/s/files/1/0667/6142/5143/files/ZadieJacket_Black_FRONT_1_597ad9fd-12dc-48e0-9979-692c2eb99ac6.jpg?v=1761746162,"XS,S,M,L"
98,Alune Dress in Wool Silk,Dress,1390.0,Midnight,"A floor length dress with a strapless, straight neckline, fitted bodice, and sculpted hips to create a refined hourglass silhouette. Made in a smooth and dry Italian wool & silk shantung with a lustrous, subtly textured finish.",https://cdn.shopify.com/s/files/1/0667/6142/5143/files/AluneDres_Midnight_FRONT_1_b8adbfda-e967-4ba3-be4a-acf40da14565.webp?v=1761739979,"00,0,2,4,6,8,10"
99,Bastion Jacket in Wool Silk,Jacket,990.0,Black,"Cropped jacket with a clean crew neckline, sharp structured shoulders, and straight, wrist-length sleeves. Cut in Italian wool and silk radmirzer with a smooth, lustrous finish, and completed with a row of sculptural buttons down the front.",https://cdn.shopify.com/s/files/1/0667/6142/5143/files/BastionJacket_Black_FRONT_1_8f71f753-67c6-43fc-b53b-7f4f86a7faca.webp?v=1761740061,"XS,S,M,L"
100,Vionne Trench in Cotton Nylon,Trench,1390.0,Fennel,"A soft-tailored, single-breasted a-line trench coat with horn buttons, an ulter collar, neck buckle closure, and relaxed raglan sleeves. Cut from crisp Italian cotton-nylon for subtle shine and a structured yet fluid drape. Complete with a back storm flap, adjustable cuffs, detachable belt, and a center back vent.",https://cdn.shopify.com/s/files/1/0667/6142/5143/files/VionneTrench_Fennell_FRONT_1_1d2bff47-d38f-4de5-8283-5f2c8b04fa73.webp?v=1761740125,"XS,S,M,L"
101,Maurelle Coat in Shearling,Coat,5200.0,Honey,"Full length coat with a shawl collar, structured shoulders, and slightly oversized, relaxed silhouette. Tailored in plush Italian shearling with enveloping warmth and plush, velvety texture, and fully lined with heavy twill for optimal warmth. Completed with discreet color-matched fabric-covered hook and bar closures.",https://cdn.shopify.com/s/files/1/0667/6142/5143/files/MaurelleCoat_Honey_FRONT_1_96c86ff3-8408-49ea-a865-8caee4395cb3.webp?v=1761740407,"XS,S,M,L"
102,Tavi Pant in Wool,Pant,670.0,Flint,,https://cdn.shopify.com/s/files/1/0667/6142/5143/files/TaviPant_Flint_FRONT_1_3fa44436-2870-4ae7-855e-c11e67d4d30b.webp?v=1761740425,"0,2,4,6,8,10"
103,Tavi Pant in Wool,Pant,670.0,Black,"This is a low-rise pant with a wide leg and clean, elongated line. Crafted in fine Italian wool twill for a soft hand and subtle texture, it is finished with surf-inspired double needle contrast top stitching at the waistband and front seams, and a classic cord tie closure.",https://cdn.shopify.com/s/files/1/0667/6142/5143/files/TaviPant_Black_FRONT_1_bde98a89-c743-4f77-9c8e-8d1883215cbe.webp?v=1761740204,"0,2,4,6,8,10"
104,Maelis Pant in Silk,Pant,910.0,Prussian Blue,,https://cdn.shopify.com/s/files/1/0667/6142/5143/files/MaelisPant_PrussianBlue_FRONT_1_2559d561-a1fd-463e-89b1-0a78381bc86d.webp?v=1761740575,"XS,S,M,L"
105,Elyra Jacket in Python Embossed Leather,Jacket,3800.0,Black Python-Embossed Leather,"Hip length single-breasted jacket with a pointed collar, straight long sleeves, and a slim, tailored silhouette. Crafted in Italian python-embossed leather with a subtle sheen and defined texture, and finished with a detachable belt, horn button front closure, and clean welt pockets.",https://cdn.shopify.com/s/files/1/0667/6142/5143/files/ElyraCoat_Snake_FRONT_1copy.webp?v=1761740593,"XS,S,M,L"
106,Orithia Jacket in Leather,Jacket,2700.0,Chocolate,,https://cdn.shopify.com/s/files/1/0667/6142/5143/files/OrithiaJacket_Chocolate_FRONT_1_c6a85dfc-49b8-4afa-bd90-0517ce93e753.webp?v=1761740617,"XS,S,M,L"
107,Velarise Sweater in Cashmere,Sweaters,630.0,Charcoal Heather,,https://cdn.shopify.com/s/files/1/0667/6142/5143/files/VelariseSweater_CharcoalHeather_FRONT_1_bd1992cc-991f-4421-94d5-171cded390e9.webp?v=1761740908,"XS,S,M,L"
108,Neris Bra in Viscose,Bra,290.0,Silver,,https://cdn.shopify.com/s/files/1/0667/6142/5143/files/NerisBra_Silver_FRONT_1_506b2509-9c3e-485f-84d8-1ef65be40eef.webp?v=1761740822,"XS,S,M,L"
109,Racquet String in Gold,Accessories,0.0,Gold,"A 14.4 carat line of round-cut diamonds, woven into khaki nylon cord and anchored by 14k yellow gold settings. Available in Two Lengths - to be worn as a bracelet or anklet. Ideally with Bethany, the toe ring. To view and shop in-person, please email to schedule an appointment at our SoHo, NY Studio.",https://cdn.shopify.com/s/files/1/0667/6142/5143/files/aflalo_brace1_front-web_bd60ed6a-26a1-4e07-b024-67f954dc6dcd.jpg?v=1763759453,Bracelet
110,Janes Tears Earrings in White Gold,Accessories,0.0,White Gold,"Welcome to my gala: 16 carats total featuring two classic cuts: each ear holds 2 carat brilliant round stones at the lobe, with a 6 carat pear-shaped drop hanging down. Set in 14k white gold with minimal prongs to emphasize scale and sparkle. Available to purchase as a single earring, or as a traditional pair.",https://cdn.shopify.com/s/files/1/0667/6142/5143/files/aflalo_earr1_front-web.jpg?v=1757781803,"Single,Pair"
111,Racquet String in White Gold,Accessories,0.0,White Gold,"A 14 carat line of emerald-cut diamonds, woven into a set of soft rose-colored nylon cord and anchored by 14k white gold settings. Available in two lengths, to be worn as a bracelet or anklet, with or without string hanging down. Racquet string is the new tennis as far as bracelets go. Wear it with the Greek key and a black silk gown to pick up soda from the store down the road. To view and shop in-person, please email to schedule an appointment at our SoHo, NY Studio.",https://cdn.shopify.com/s/files/1/0667/6142/5143/files/aflalo_brace2_front-web_e8a26e41-3757-4070-b1b6-47421a7dd062.jpg?v=1763759483,Bracelet
112,Fishhook Earrings in Gold,Accessories,0.0,Gold,"10 carats total of brilliant oval-cut lab-grown diamonds, set in 14k yellow gold. Suspended from refined fishhook wires, each 5 carat stone is held in a bezel setting that highlights the scale and sparkle. Best served with a canvas bucket hat. Good with wet hair and simple black sunglasses too. Available to purchase as a single earring, or as a traditional pair. To view and shop in-person, please email to schedule an appointment at our SoHo, NY Studio.",https://cdn.shopify.com/s/files/1/0667/6142/5143/files/aflalo_earr3_front-web.jpg?v=1757782189,"Single,Pair"
113,Greek Key Ring in Platinum,Accessories,0.0,Platinum,"A 5 carat brilliant-cut round lab-grown diamond set in platinum, accented with 0.42ctw pavé stones along the basket and band. The setting features an engraved Greek key motif—an architectural detail that adds structure, symbolism, and depth to the piece. Best when worn on the pinky or middle finger. The vibe is won it at an auction. To view and shop in-person, please email to schedule an appointment at our SoHo, NY Studio.",https://cdn.shopify.com/s/files/1/0667/6142/5143/files/aflalo_ring2_front-web.jpg?v=1757782251,"1.5,2,2.5,3,3.5,4,4.5,5"
114,Ida Ring in Gold,Accessories,0.0,Gold,"Centered on a 5.2 carat antique emerald-cut lab-grown diamond and flanked by 1.8 carats worth of trillion side stones, this ring is designed to be worn on the pinky finger while holding a tea cup to your mouth, then subtly dropping it to the floor. Set in 14k yellow gold with fine double prongs that echo the geometry of the cut, the ring is best worn with a boxy cotton shirt and drawstring pants. To view and shop in-person, please email to schedule an appointment at our SoHo, NY Studio.",https://cdn.shopify.com/s/files/1/0667/6142/5143/files/aflalo_ring1_front-web_e5d56952-4573-4069-852c-6ca6ceeabe60.jpg?v=1757782317,"1.5,2,2.5,3,3.5,4,4.5,5"
115,Mom Necklace in Silver,Accessories,0.0,Silver,"Sterling silver scroll holder and chain, inlaid with jasper, tiger eye, and lapis lazuli. A 6-carat lab-grown, pear-shaped diamond drop swings below. The hinged top opens to hold whatever you consider sacred: a mezuza scroll, a note from your kid, a joint.",https://cdn.shopify.com/s/files/1/0667/6142/5143/files/aflalo_neckl1_front-web.jpg?v=1757782391,Silver
116,Tennis Drop Earrings in Mixed Gold,Accessories,0.0,Mixed Gold,"A 4 carat antique emerald-cut lab-grown diamond accompanied by a 1.53 carat pink pear-shaped drop, suspended from a mixed-metal setting of 14k white and rose gold. Available to purchase as a single earring, or as a pair. Not to be confused with pear. To view and shop in-person, please email to schedule an appointment at our SoHo, NY Studio.",https://cdn.shopify.com/s/files/1/0667/6142/5143/files/aflalo_earr2_front-web.jpg?v=1757782414,"Single,Pair"
117,Ripcurl Ring in White Gold,Other,0.0,White Gold,"An ongoing row of emerald-cut diamonds, totaling 14 carats and set in 14k white gold will wrap around your thumb or middle finger as you project a shimmering stamp of approval or conversely express disdain. Each stone is precision-set for a seamless silhouette with bold, graphic clarity. Best when styled with the racquet bracelet in Rose. Surfs up. To view and shop in-person, please email to schedule an appointment at our SoHo, NY Studio.",https://cdn.shopify.com/s/files/1/0667/6142/5143/files/aflalo_ring4_front-web.jpg?v=1757782500,"4,4.5,5,5.5,6,6.5,7,7.5,8,8.5"
118,Lolana Pant in Silk,Pant,690.0,Chocolate,"Voluminous and subtly sheer pleated leg pants that gather and taper at the ankle. Cut from lightweight silk crepe de chine with a fluid drape, dry texture, and dry handfeel. The pants are complete with a mini-short lining and elastic waistband and leg openings for ease of wear.",https://cdn.shopify.com/s/files/1/0667/6142/5143/files/LolanaChocolate.webp?v=1761741532,"XS,S,M,L"
119,Mom Necklace in Silver,Accessories,3600.0,Silver,"Sterling silver scroll holder and chain, inlaid with jasper, tiger eye, and lapis lazuli. A 6-carat lab-grown, pear-shaped diamond drop swings below. The hinged top opens to hold whatever you consider sacred: a mezuza scroll, a note from your kid, a joint.",https://cdn.shopify.com/s/files/1/0667/6142/5143/files/aflalo_neckl1_front-web_300938b1-0b85-442f-91ee-4efe0100bdf5.jpg?v=1757782536,Silver
120,Janes Tears Earrings in White Gold,Accessories,5900.0,White Gold,"Welcome to my gala: 16 carats total featuring two classic cuts: each ear holds 2 carat brilliant round stones at the lobe, with a 6 carat pear-shaped drop hanging down. Set in 14k white gold with minimal prongs to emphasize scale and sparkle. Available to purchase as a single earring, or as a traditional pair.",https://cdn.shopify.com/s/files/1/0667/6142/5143/files/aflalo_earr1_front-web_c73b72a6-2ffd-483b-9c31-fd39e61e5eb8.jpg?v=1757782102,"Single,Pair"
121,Racquet String in Gold,Accessories,7500.0,Gold,"A 14.4 carat line of round-cut diamonds, woven into khaki nylon cord and anchored by 14k yellow gold settings. Standard length is 7"", to be worn as a bracelet or custom ordered as an anklet. Racquet is the new tennis as far as bracelets go. Wear it with the Ida Ring and a silk gown to pick up soda from the store down the road. To view and shop in-person, visit our Soho Showroom at 56 Greene Street, FL 3. Open weekly Wed-Sun, 11-7pm. Returns or exchanges accepted within 14 days of shipment.",https://cdn.shopify.com/s/files/1/0667/6142/5143/files/aflalo_brace1_front-web.jpg?v=1763739425,Gold
122,Fishhook Earrings in Gold,Accessories,4000.0,Gold,"10 carats total of brilliant oval-cut lab-grown diamonds, set in 14k yellow gold. Suspended from refined fishhook wires, each 5 carat stone is held in a bezel setting that highlights the scale and sparkle. Best served with a canvas bucket hat. Good with wet hair and simple black sunglasses too. Available to purchase as a single earring, or as a traditional pair. To view and shop in-person, please email to schedule an appointment at our SoHo, NY Studio.",https://cdn.shopify.com/s/files/1/0667/6142/5143/files/aflalo_earr3_front-web_bc62d92f-6a7a-42bd-9fff-6fdba09ed6ba.jpg?v=1757782618,"Single,Pair"
123,Tennis Drop Earrings in Mixed Gold,Accessories,4750.0,Mixed Gold,"A 4 carat antique emerald-cut lab-grown diamond accompanied by a 1.53 carat pink pear-shaped drop, suspended from a mixed-metal setting of 14k white and rose gold. Available to purchase as a single earring, or as a pair. Not to be confused with pear. To view and shop in-person, please email to schedule an appointment at our SoHo, NY Studio.",https://cdn.shopify.com/s/files/1/0667/6142/5143/files/aflalo_earr2_front-web_616f0e35-4cd5-4bf2-a10e-db6eb10db205.jpg?v=1757782642,"Single,Pair"
124,Racquet String in White Gold,Accessories,7500.0,White Gold,"A 14 carat line of emerald-cut diamonds, woven into a set of soft rose-colored nylon cord and anchored by 14k white gold settings. Available in two lengths, to be worn as a bracelet or anklet, with or without string hanging down. Racquet string is the new tennis as far as bracelets go. Wear it with the Ripcurl Ring and a black silk gown to pick up soda from the store down the road. To view and shop in-person, visit our Soho Showroom at 56 Greene Street, FL 3. Open weekly Wed-Sun, 11-7pm. Returns or exchanges accepted within 14 days of shipment.",https://cdn.shopify.com/s/files/1/0667/6142/5143/files/aflalo_brace2_front-web_c59b1586-fa30-4a56-a3fb-9d3a1c5068b5.jpg?v=1763741013,White Gold
125,Greek Key Ring in Platinum,Accessories,7800.0,Platinum,"A 5 carat brilliant-cut round lab-grown diamond set in platinum, accented with 0.42ctw pavé stones along the basket and band. The setting features an engraved Greek key motif—an architectural detail that adds structure, symbolism, and depth to the piece. Best when worn on the pinky or middle finger. The vibe is won it at an auction. To view and shop in-person, please email to schedule an appointment at our SoHo, NY Studio.",https://cdn.shopify.com/s/files/1/0667/6142/5143/files/aflalo_ring2_front-web_f0de008d-c077-46fc-aa44-ceece6647669.jpg?v=1757782727,"1.5,2,2.5,3,3.5,4,4.5,5,5.5,6,6.5"
126,Ripcurl Ring in White Gold,Accessories,12000.0,White Gold,"An ongoing row of emerald-cut diamonds, totaling 14 carats and set in 14k white gold will wrap around your thumb or middle finger as you project a shimmering stamp of approval or conversely express disdain. Each stone is precision-set for a seamless silhouette with bold, graphic clarity. Best when styled with the racquet bracelet in Rose. Surfs up. To view and shop in-person, please email to schedule an appointment at our SoHo, NY Studio.",https://cdn.shopify.com/s/files/1/0667/6142/5143/files/aflalo_ring4_front-web_f0147560-7643-4f06-ac32-21f107b28ca0.jpg?v=1757782782,"4,4.5,5,5.5,6,6.5,7,7.5,8,8.5"
127,Ida Ring in Gold,Accessories,8000.0,Gold,"Centered on a 5.2 carat antique emerald-cut lab-grown diamond and flanked by 1.8 carats worth of trillion side stones, this ring is designed to be worn on the pinky finger while holding a tea cup to your mouth, then subtly dropping it to the floor. Set in 14k yellow gold with fine double prongs that echo the geometry of the cut, the ring is best worn with a boxy cotton shirt and drawstring pants. To view and shop in-person, please email to schedule an appointment at our SoHo, NY Studio.",https://cdn.shopify.com/s/files/1/0667/6142/5143/files/aflalo_ring1_front-web.jpg?v=1756404354,"1.5,2,2.5,3,3.5,4,4.5,5"
128,Lolana Pant in Silk,Pant,690.0,Ivory,"Voluminous and sheer pleated leg pants that gather and taper at the ankle. Cut from lightweight silk crepe de chine with a fluid drape, dry texture, and dry handfeel. The pants are complete with a mini-short lining and elastic waistband and leg openings for ease of wear.",https://cdn.shopify.com/s/files/1/0667/6142/5143/files/LolanaPantinSilk_IVORY_9452.webp?v=1761746194,"XS,S,M,L"
129,Affine Coat in Leather,Outerwear,3800.0,Black,"A collarless, A-line coat in supple Italian lambskin leather, featuring a hidden placket, princess seams, and on-seam pockets. The silhouette is accentuated by a detachable belt at the waist and mid-length hem.",https://cdn.shopify.com/s/files/1/0667/6142/5143/files/AffineCoat_Black_Front_5b471d4e-53a5-41dd-98cf-0ed5cd4e5e1a.webp?v=1761746766,"XS,S,M,L"
130,Auvira Top in Silk,Top,570.0,Ivory,"This is a halter top with a back-neck tie closure, asymmetric front, hand-draped open back, and inside-out seam detailing. Cut for a relaxed fit on the body, the heavyweight, glossy silk satin has a liquid softness that enhances the top's rich flowing lines. Abstract floral broach coming soon. Not included with this top.",https://cdn.shopify.com/s/files/1/0667/6142/5143/files/AuviraTop_Ivory_FRONT_1.webp?v=1761746228,"XS,S,M,L"
131,Sibem Dress in Silk,Dress,890.0,Ivory,"Mini scarf dress with a gathered halter neckline, generous low back, and asymmetrical hem. Finished with an adjustable spaghetti strap tie closure, and cut in heavyweight, glossy silk satin with a liquid softness that enhances the silhouette's rich flowing lines.",https://cdn.shopify.com/s/files/1/0667/6142/5143/files/SibemDressinSilk_IVORY_9582.webp?v=1761746203,"XS,S,M,L"
132,Lolana Pant in Silk,Pant,690.0,Bronze,"Voluminous and subtly sheer pleated leg pants that gather and taper at the ankle. Cut from lightweight silk crepe de chine with a fluid drape, dry texture, and dry handfeel. The pants are complete with a mini-short lining and elastic waistband and leg openings for ease of wear.",https://cdn.shopify.com/s/files/1/0667/6142/5143/files/LolanaPantinSilk_BRONZE_9455.webp?v=1761746211,"XS,S,M,L"
133,Quillan Skirt in Silk,Skirt,810.0,Black,"Ankle length silk twill skirt with a smocked waist and shirred skirt, defined by an under-layer organza poof at the seam for slightly exaggerated shape and volume.",https://cdn.shopify.com/s/files/1/0667/6142/5143/files/QuillianSkirt_BLACK_9479.webp?v=1761746219,"XS,S,M,L"
134,Brontë Jean in Rigid Denim,Denim,430.0,Shaded Obsidian,"The Brontë Jean is high-waisted with a long, perfectly flared leg and zipper fly closure. Cut in thick rigid denim, this is a tight-fitting jean crafted to lift the butt and elongate the legs all at once.",https://cdn.shopify.com/s/files/1/0667/6142/5143/files/BronteJeaninShadedObsidian_5015-083-119_0030_f3f565c6-2af4-4fa4-9f30-3387ee24fb2b.webp?v=1761776636,"24,25,26,27,28,29,30"
135,Brontë Jean in Rigid Denim,Denim,430.0,Subdued Indigo,"The Brontë Jean is high-waisted with a long, perfectly flared leg and zipper fly closure. Cut in thick rigid denim, this is a tight-fitting jean crafted to lift the butt and elongate the legs all at once.",https://cdn.shopify.com/s/files/1/0667/6142/5143/files/BronteJeaninSubduedIndigo_5015-083-117_0021_f782d95b-4e2e-4dce-af20-36ceec8c1fc2.webp?v=1761776643,"24,25,26,27,28,29,30"
136,Elara Sweater in Cashmere,Sweater,590.0,Ivory,"Medium weight cashmere sweater with a high v-neck and raglan sleeves. Designed to fit slightly oversized with a slight taper at the hem, and finished with rib detailing.",https://cdn.shopify.com/s/files/1/0667/6142/5143/files/ElaraSweater_Ivory_FRONT_1.webp?v=1761745618,"XS,S,M,L"
137,Brein Shirt in Cotton,Top,430.0,Black,"This is an oversized button-up shirt with smoke mother-of-pearl buttons at the front placket and cuffs. Made in crisp, airy, and semi-sheer cotton organza that lends a refined balance of structure and softness to the classic silhouette.",https://cdn.shopify.com/s/files/1/0667/6142/5143/files/BreinShirt_Black_Front_b7d0fb13-d1a8-4da2-a0f4-fcdb381ab782.webp?v=1761746780,"XS,S,M,L"
138,Auvira Top in Silk,Top,570.0,Black,"This is a halter top with a back-neck tie closure, asymmetric front, hand-draped open back, and inside-out seam detailing. Cut for a relaxed fit on the body, the heavyweight, glossy silk satin has a liquid softness that enhances the top's rich flowing lines.",https://cdn.shopify.com/s/files/1/0667/6142/5143/files/AuviraTop_Black_FRONT_1.webp?v=1757375661,"XS,S,M,L"
139,Orwell Jean in Rigid Denim,Denim,430.0,Marshmallow White,"The Orwell Jean is an ode to perfect-fit vintage denim. This rigid denim jean is mid-rise with a classic straight leg and 5-button fly. Wear it true to size for a fitted look throughout, creating that lifted shape of the butt. Size it up one—or daringly, two—for the optimal slouch jean.",https://cdn.shopify.com/s/files/1/0667/6142/5143/files/OrwellJeaninMarshmallowWhite_5014-084-118_0017_5df75474-ff2c-4c0b-8990-c1b843df227b.webp?v=1761776542,"24,25,26,27,28,29,30"
140,Orwell Jean in Rigid Denim,Denim,430.0,Salt Air,"The Orwell Jean is an ode to perfect-fit vintage denim. This rigid denim jean is mid-rise with a classic straight leg and 5-button fly. Wear it true to size for a fitted look throughout, creating that lifted shape of the butt. Size it up one—or daringly, two—for the optimal slouch jean.",https://cdn.shopify.com/s/files/1/0667/6142/5143/files/OrwellJeaninSaltAir_5014-083-115_0022_b75dabe3-c1d4-4cdd-86f3-ce5441c7930f.webp?v=1761776548,"24,25,26,27,28,29,30"
141,Sibem Dress in Silk,Dress,890.0,Black,"Mini scarf dress with a gathered halter neckline, generous low back, and asymmetrical hem. Finished with an adjustable spaghetti strap tie closure, and cut in ultra-lightweight Italian silk twill with a soft, fluid handfeel.",https://cdn.shopify.com/s/files/1/0667/6142/5143/files/SibemDressinSilk_BLACK_9579.webp?v=1761746239,"XS,S,M,L"
142,Cira Tank in Wool,Sweater,230.0,Ivory,"A fitted, full-length tank top with a crew neckline and subtle contouring at the chest and back for a refined, classic silhouette. Knit from semi-sheer and light-weight ribbed merino wool.",https://cdn.shopify.com/s/files/1/0667/6142/5143/files/CiraKnitTankinWool_WHITE_9548.webp?v=1761741156,"XS,S,M,L"
143,Cira Tank in Wool,Sweater,230.0,Black,"A fitted, full-length tank top with a crew neckline and subtle contouring at the chest and back for a refined, classic silhouette. Knit from semi-sheer and light-weight ribbed merino wool.",https://cdn.shopify.com/s/files/1/0667/6142/5143/files/CiraKnitTankinWool_BLACK_9551.webp?v=1761741015,"XS,S,M,L"
144,Affine Coat in Ponyhair,Outerwear,8000.0,Leopard,"A collarless, A-line coat in smooth Italian ponyhair leather, featuring a hidden placket, princess seams, and on-seam pockets. The silhouette is accentuated by a detachable belt at the waist and mid-length hem. Handcrafted in Italy.",https://cdn.shopify.com/s/files/1/0667/6142/5143/files/AffineCoat_Leopard_Front_6a5f7cf6-164a-4c57-bf6b-e27858b6dfa7.webp?v=1761746545,"XS,S,M,L"
145,E-gift Card,Gift card,100.0,100 USD,,https://cdn.shopify.com/s/files/1/0667/6142/5143/files/aflalo_gift_card.webp?v=1726750159,"100 USD,1000 USD,250 USD,500 USD,750 USD"
